Name,Primary Category,Other Categories,Flags,Tags,Bulk,Grocery,manufacturer,Primary supplier,Cost,Price,Inventory
Briess - 2 Row,Ingredients,[Malts and Adjuncts? Malts? Base Malts],"Recipe Builder, Brewing Basics",,TRUE,TRUE,Briess,Brewcraft,0.59,1.69,
"Briess - 2 Row, 50 lb",Ingredients,[Malts and Adjuncts? Malts? Base Malts],,Sack,FALSE,TRUE,Briess,Brewcraft,29.50,49.95,
Briess - Organic 2 Row,Ingredients,[Malts and Adjuncts? Malts? Base Malts],Recipe Builder,Organic,TRUE,TRUE,Briess,Brewcraft,0.82,2.49,
"Briess - Organic 2 Row, 50 lb",Ingredients,[Malts and Adjuncts? Malts? Base Malts],"Hidden, Special Order Only","Organic, Sack",FALSE,TRUE,Briess,Brewcraft,41,,
Briess - Pale Ale,Ingredients,[Malts and Adjuncts? Malts? Base Malts],Recipe Builder,,TRUE,TRUE,Briess,Brewcraft,0.60,1.69,
"Briess - Pale Ale, 50 lb",Ingredients,[Malts and Adjuncts? Malts? Base Malts],"Hidden, Special Order Only",Sack,FALSE,TRUE,Briess,Brewcraft,30,49.95,
Briess - Pilsen,Ingredients,[Malts and Adjuncts? Malts? Base Malts],"Recipe Builder, Brewing Basics",,TRUE,TRUE,Briess,Brewcraft,0.60,1.69,
"Briess - Pilsen, 50 lb",Ingredients,[Malts and Adjuncts? Malts? Base Malts],,Sack,FALSE,TRUE,Briess,Brewcraft,30,49.95,
Briess - Bonlander Munich,Ingredients,[Malts and Adjuncts? Malts? Base Malts],Recipe Builder,,TRUE,TRUE,Briess,Brewcraft,0.68,1.89,
"Briess - Bonlander Munich, 50 lb",Ingredients,[Malts and Adjuncts? Malts? Base Malts],"Hidden, Special Order Only",Sack,FALSE,TRUE,Briess,Brewcraft,34,54.95,
Briess - White Wheat Malt,Ingredients,[Malts and Adjuncts? Malts? Base Malts],"Recipe Builder, Brewing Basics",,TRUE,TRUE,Briess,Brewcraft,0.64,1.79,
"Briess - White Wheat Malt, 50 lb",Ingredients,[Malts and Adjuncts? Malts? Base Malts],"Hidden, Special Order Only",Sack,FALSE,TRUE,Briess,Brewcraft,32,52.95,
Briess - Red Wheat,Ingredients,[Malts and Adjuncts? Malts? Base Malts],Recipe Builder,,TRUE,TRUE,Briess,Brewcraft,0.62,1.79,
Briess - Rye,Ingredients,[Malts and Adjuncts? Malts? Base Malts],Recipe Builder,,TRUE,TRUE,Briess,Brewcraft,0.94,2.49,
Thomas Fawcett - Maris Otter,Ingredients,[Malts and Adjuncts? Malts? Base Malts],Recipe Builder,,TRUE,TRUE,Thomas Fawcett,Brewcraft,0.91,2.49,
"Thomas Fawcett - Maris Otter, 55 lb",Ingredients,[Malts and Adjuncts? Malts? Base Malts],"Hidden, Special Order Only",Sack,FALSE,TRUE,Thomas Fawcett,Brewcraft,45.65,79.95,
Thomas Fawcett - Golden Promise,Ingredients,[Malts and Adjuncts? Malts? Base Malts],Recipe Builder,,TRUE,TRUE,Thomas Fawcett,Brewcraft,0.94,2.49,
"Thomas Fawcett - Golden Promise, 55 lb",Ingredients,[Malts and Adjuncts? Malts? Base Malts],"Hidden, Special Order Only",Sack,FALSE,TRUE,Thomas Fawcett,Brewcraft,45.65,79.95,
Chateau - Pilsen,Ingredients,[Malts and Adjuncts? Malts? Base Malts],Recipe Builder,,TRUE,TRUE,Chateau,BSG,0.72,1.99,
"Chateau - Pilsen, 55 lb",Ingredients,[Malts and Adjuncts? Malts? Base Malts],"Hidden, Special Order Only",Sack,FALSE,TRUE,Chateau,BSG,39.60,,
Chateau - Pale Ale,Ingredients,[Malts and Adjuncts? Malts? Base Malts],Recipe Builder,,TRUE,TRUE,Chateau,BSG,0.72,1.99,
"Chateau - Pale Ale, 55 lb",Ingredients,[Malts and Adjuncts? Malts? Base Malts],"Hidden, Special Order Only",Sack,FALSE,TRUE,Chateau,BSG,39.60,,
Weyermann - Pilsner,Ingredients,[Malts and Adjuncts? Malts? Base Malts],Recipe Builder,,TRUE,TRUE,Weyermann,BSG,0.71,1.99,
"Weyermann - Pilsner, 55 lb",Ingredients,[Malts and Adjuncts? Malts? Base Malts],"Hidden, Special Order Only",Sack,FALSE,TRUE,Weyermann,BSG,39.05,,
Weyermann - Pale Wheat Malt,Ingredients,[Malts and Adjuncts? Malts? Base Malts],Recipe Builder,,TRUE,TRUE,Weyermann,BSG,0.75,1.99,
"Weyermann - Pale Wheat Malt, 55 lb",Ingredients,[Malts and Adjuncts? Malts? Base Malts],"Hidden, Special Order Only",Sack,FALSE,TRUE,Weyermann,BSG,41.25,,
Weyermann - Vienna,Ingredients,[Malts and Adjuncts? Malts? Base Malts],Recipe Builder,,TRUE,TRUE,Weyermann,BSG,0.74,1.99,
"Weyermann - Vienna, 55 lb",Ingredients,[Malts and Adjuncts? Malts? Base Malts],"Hidden, Special Order Only",Sack,FALSE,TRUE,Weyermann,BSG,40.70,,
Weyermann - Munich Type 1,Ingredients,[Malts and Adjuncts? Malts? Base Malts],"Recipe Builder, Brewing Basics",,TRUE,TRUE,Weyermann,BSG,0.74,1.99,
"Weyermann - Munich Type 1, 55 lb",Ingredients,[Malts and Adjuncts? Malts? Base Malts],"Hidden, Special Order Only",Sack,FALSE,TRUE,Weyermann,BSG,40.70,,
Weyermann - Munich Type 2,Ingredients,[Malts and Adjuncts? Malts? Base Malts],Recipe Builder,,TRUE,TRUE,Weyermann,BSG,0.88,2.19,
Briess - Carapils,Ingredients,[Malts and Adjuncts? Malts? Specialty Malts? Caramel Malts],Recipe Builder,,TRUE,TRUE,Briess,Brewcraft,1.11,2.49,
Briess - Caramel 10L,Ingredients,[Malts and Adjuncts? Malts? Specialty Malts? Caramel Malts],Recipe Builder,,TRUE,TRUE,Briess,Brewcraft,1.07,2.49,
Briess - Caramel 20L,Ingredients,[Malts and Adjuncts? Malts? Specialty Malts? Caramel Malts],"Recipe Builder, Brewing Basics",,TRUE,TRUE,Briess,Brewcraft,1.07,2.49,
Briess - Organic Caramel 20L,Ingredients,[Malts and Adjuncts? Malts? Specialty Malts? Caramel Malts],Recipe Builder,Organic,TRUE,TRUE,Briess,Brewcraft,1.01,2.99,
Briess - Caramel 30L,Ingredients,[Malts and Adjuncts? Malts? Specialty Malts? Caramel Malts],Recipe Builder,,TRUE,TRUE,Briess,Brewcraft,1.07,2.49,
Briess - Caramel 40L,Ingredients,[Malts and Adjuncts? Malts? Specialty Malts? Caramel Malts],Recipe Builder,,TRUE,TRUE,Briess,Brewcraft,1.07,2.49,
Briess - Caramel 60L,Ingredients,[Malts and Adjuncts? Malts? Specialty Malts? Caramel Malts],"Recipe Builder, Brewing Basics",,TRUE,TRUE,Briess,Brewcraft,1.07,2.49,
Briess - Organic Caramel 60L,Ingredients,[Malts and Adjuncts? Malts? Specialty Malts? Caramel Malts],Recipe Builder,Organic,TRUE,TRUE,Briess,Brewcraft,1.01,2.99,
Briess - Caramel Munich 60L,Ingredients,[Malts and Adjuncts? Malts? Specialty Malts? Caramel Malts],Recipe Builder,,TRUE,TRUE,Briess,Brewcraft,1.07,2.49,
Briess - Caramel 80L,Ingredients,[Malts and Adjuncts? Malts? Specialty Malts? Caramel Malts],Recipe Builder,,TRUE,TRUE,Briess,Brewcraft,1.07,2.99,
Briess - Caramel 90L,Ingredients,[Malts and Adjuncts? Malts? Specialty Malts? Caramel Malts],Recipe Builder,,TRUE,TRUE,Briess,Brewcraft,1.07,2.49,
Briess - Caramel 120L,Ingredients,[Malts and Adjuncts? Malts? Specialty Malts? Caramel Malts],Recipe Builder,,TRUE,TRUE,Briess,Brewcraft,1.07,2.49,
Briess - Victory,Ingredients,[Malts and Adjuncts? Malts? Specialty Malts? Roasted Malts],"Recipe Builder, Brewing Basics",,TRUE,TRUE,Briess,Brewcraft,0.98,2.49,
Briess - Special Roast,Ingredients,[Malts and Adjuncts? Malts? Specialty Malts? Roasted Malts],Recipe Builder,,TRUE,TRUE,Briess,Brewcraft,1.10,2.49,
Briess - Chocolate,Ingredients,[Malts and Adjuncts? Malts? Specialty Malts? Roasted Malts],Recipe Builder,,TRUE,TRUE,Briess,Brewcraft,1.15,2.49,
Briess - Organic Chocolate,Ingredients,[Malts and Adjuncts? Malts? Specialty Malts? Roasted Malts],Recipe Builder,Organic,TRUE,TRUE,Briess,Brewcraft,1.05,2.99,
Briess - Dark Chocolate,Ingredients,[Malts and Adjuncts? Malts? Specialty Malts? Roasted Malts],Recipe Builder,,TRUE,TRUE,Briess,Brewcraft,0.84,2.49,
Briess - Black,Ingredients,[Malts and Adjuncts? Malts? Specialty Malts? Roasted Malts],"Recipe Builder, Brewing Basics",,TRUE,TRUE,Briess,Brewcraft,1.07,2.49,
Briess - Organic Black,Ingredients,[Malts and Adjuncts? Malts? Specialty Malts? Roasted Malts],Recipe Builder,Organic,TRUE,TRUE,Briess,Brewcraft,,2.99,
Briess - Blackprinz,Ingredients,[Malts and Adjuncts? Malts? Specialty Malts? Roasted Malts],Recipe Builder,,TRUE,TRUE,Briess,Brewcraft,0.91,2.49,
Briess - Midnight Wheat,Ingredients,[Malts and Adjuncts? Malts? Specialty Malts? Roasted Malts],Recipe Builder,,TRUE,TRUE,Briess,Brewcraft,0.88,2.49,
Briess - Roasted Barley,Ingredients,[Malts and Adjuncts? Malts? Specialty Malts? Roasted Malts],Recipe Builder,,TRUE,TRUE,Briess,Brewcraft,1.06,2.49,
Briess - Cherrywood Smoked,Ingredients,[Malts and Adjuncts? Malts? Specialty Malts],Recipe Builder,,TRUE,TRUE,Briess,Brewcraft,1.75,2.99,
Thomas Fawcett - Brown Malt,Ingredients,[Malts and Adjuncts? Malts? Specialty Malts],Recipe Builder,,TRUE,TRUE,Thomas Fawcett,Brewcraft,0.92,2.39,
Thomas Fawcett - Amber Malt,Ingredients,[Malts and Adjuncts? Malts? Specialty Malts],Recipe Builder,,TRUE,TRUE,Thomas Fawcett,Brewcraft,0.92,2.39,
Thomas Fawcett - Oat Malt,Ingredients,[Malts and Adjuncts? Malts? Specialty Malts],Recipe Builder,,TRUE,TRUE,Thomas Fawcett,Brewcraft,0.83,2.39,
Thomas Fawcett - Pale Chocolate,Ingredients,[Malts and Adjuncts? Malts? Specialty Malts? Roasted Malts],Recipe Builder,,TRUE,TRUE,Thomas Fawcett,Brewcraft,0.84,2.39,
Simpsons - Golden Naked Oats,Ingredients,[Malts and Adjuncts? Malts? Specialty Malts? Caramel Malts],Recipe Builder,,TRUE,TRUE,Simpsons,BSG,0.80,2.49,
Simpsons - Extra Dark Crystal,Ingredients,[Malts and Adjuncts? Malts? Specialty Malts? Caramel Malts],Recipe Builder,,TRUE,TRUE,Simpsons,BSG,0.62,2.49,
Chateau - Monastique,Ingredients,[Malts and Adjuncts? Malts? Specialty Malts],Recipe Builder,,TRUE,TRUE,Chateau,BSG,0.56,1.99,
Chateau - Special B,Ingredients,[Malts and Adjuncts? Malts? Specialty Malts? Caramel Malts],Recipe Builder,,TRUE,TRUE,Chateau,BSG,0.63,2.49,
Weyermann - Melanoidin,Ingredients,[Malts and Adjuncts? Malts? Specialty Malts],Recipe Builder,,TRUE,TRUE,Weyermann,BSG,0.57,2.29,
Weyermann - CaraBelge,Ingredients,[Malts and Adjuncts? Malts? Specialty Malts? Caramel Malts],Recipe Builder,,TRUE,TRUE,Weyermann,BSG,0.61,2.29,
Weyermann - Carafa Special 1,Ingredients,[Malts and Adjuncts? Malts? Specialty Malts? Roasted Malts],"Recipe Builder, Hidden",,TRUE,TRUE,Weyermann,BSG,,,
Weyermann - Carafa Special 2,Ingredients,[Malts and Adjuncts? Malts? Specialty Malts? Roasted Malts],"Recipe Builder, Hidden",,TRUE,TRUE,Weyermann,BSG,,,
Weyermann - Carafa Special 3,Ingredients,[Malts and Adjuncts? Malts? Specialty Malts? Roasted Malts],"Recipe Builder, Hidden",,TRUE,TRUE,Weyermann,BSG,,,
Weyermann - Chocolate Wheat,Ingredients,[Malts and Adjuncts? Malts? Specialty Malts? Roasted Malts],Recipe Builder,,TRUE,TRUE,Weyermann,BSG,0.63,2.29,
Weyermann - Chocolate Rye,Ingredients,[Malts and Adjuncts? Malts? Specialty Malts? Roasted Malts],Recipe Builder,,TRUE,TRUE,Weyermann,BSG,0.65,2.29,
Weyermann - Acidulated,Ingredients,[Malts and Adjuncts? Malts? Specialty Malts],Recipe Builder,,TRUE,TRUE,Weyermann,BSG,0.75,2.49,
Weyermann - Beech Smoked,Ingredients,[Malts and Adjuncts? Malts? Specialty Malts],Recipe Builder,,TRUE,TRUE,Weyermann,BSG,0.67,2.49,
Gambrinus - Honey Malt,Ingredients,[Malts and Adjuncts? Malts? Specialty Malts],Recipe Builder,,TRUE,TRUE,Gambrinus,Brewcraft,0.51,2.49,
Flaked Corn,Ingredients,[Malts and Adjuncts? Adjunct Grains],Recipe Builder,,TRUE,TRUE,Briess,Brewcraft,0.88,2.49,
Flaked Wheat,Ingredients,[Malts and Adjuncts? Adjunct Grains],"Recipe Builder, Brewing Basics",,TRUE,TRUE,Briess,Brewcraft,0.60,2.49,
Flaked Oats,Ingredients,[Malts and Adjuncts? Adjunct Grains],"Recipe Builder, Brewing Basics",,TRUE,TRUE,Briess,Brewcraft,0.66,2.49,
Flaked Rye,Ingredients,[Malts and Adjuncts? Adjunct Grains],Recipe Builder,,TRUE,TRUE,Briess,Brewcraft,0.63,2.49,
Flaked Barley,Ingredients,[Malts and Adjuncts? Adjunct Grains],Recipe Builder,,TRUE,TRUE,Briess,Brewcraft,0.63,2.49,
Rice Hulls,Ingredients,[Malts and Adjuncts? Adjunct Grains],Recipe Builder,,TRUE,TRUE,,Brewcraft,0.47,1.99,
"Briess - Pilsen Light, 3.3 lbs",Ingredients,[Malts and Adjuncts? LME],Recipe Builder,,FALSE,TRUE,Briess,BSG,5.58,11.99,
"Briess - Golden Light, 3.3 lbs",Ingredients,[Malts and Adjuncts? LME],"Recipe Builder, Brewing Basics",,FALSE,TRUE,Briess,BSG,5.58,11.99,
"Briess - Munich, 3.3 lbs",Ingredients,[Malts and Adjuncts? LME],Recipe Builder,,FALSE,TRUE,Briess,BSG,5.58,11.99,
"Briess - Rye, 3.3 lbs",Ingredients,[Malts and Adjuncts? LME],Recipe Builder,,FALSE,TRUE,Briess,BSG,5.58,11.99,
"Briess - Wheat, 3.3 lbs",Ingredients,[Malts and Adjuncts? LME],"Recipe Builder, Brewing Basics",,FALSE,TRUE,Briess,BSG,5.58,11.99,
"Briess - Porter, 3.3 lbs",Ingredients,[Malts and Adjuncts? LME],Recipe Builder,,FALSE,TRUE,Briess,Brewcraft,5.35,11.99,
"Muntons - Maris Otter, 3.3 lbs",Ingredients,[Malts and Adjuncts? LME],Recipe Builder,,FALSE,TRUE,Muntons,BSG,7.54,15.99,
Briess - Golden Light 1 lb,Ingredients,[Malts and Adjuncts? DME],"Recipe Builder, Brewing Basics",,FALSE,TRUE,Briess,Brewcraft,1.96,3.99,
Briess - Golden Light 100g,Ingredients,[Malts and Adjuncts? DME],Recipe Builder,,FALSE,TRUE,Briess,,,,
Briess - Bavarian Wheat 1 lb,Ingredients,[Malts and Adjuncts? DME],"Recipe Builder, Brewing Basics",,FALSE,TRUE,Briess,Brewcraft,1.96,3.99,
Dextrose,Ingredients,[Malts and Adjuncts? Sugars],Recipe Builder,,TRUE,TRUE,,Brewcraft,0.53,1.99,
Carbonation Tabs,Ingredients,[Malts and Adjuncts? Sugars],Recipe Builder,,FALSE,TRUE,,BSG,2.83,4.99,
Lactose,Ingredients,[Malts and Adjuncts? Sugars],Recipe Builder,,TRUE,TRUE,,BSG,2.26,4.99,
Maltodextrin,Ingredients,[Malts and Adjuncts? Sugars],Recipe Builder,,TRUE,TRUE,,Brewcraft,0.7,2.49,
"Rice Syrup Solids, 1 lb",Ingredients,[Malts and Adjuncts? Sugars],Recipe Builder,,FALSE,TRUE,,BSG,3.07,5.99,
Belgian Candi Sugar Clear,Ingredients,[Malts and Adjuncts? Sugars],Recipe Builder,,FALSE,TRUE,,Brewcraft,3.86,6.99,1
Belgian Candi Sugar Dark,Ingredients,[Malts and Adjuncts? Sugars],Recipe Builder,,FALSE,TRUE,,Brewcraft,3.86,6.99,5
Belgian Candi Sugar 1L Syrup,Ingredients,[Malts and Adjuncts? Sugars],Recipe Builder,,FALSE,TRUE,,Brewcraft,4.06,6.99,5
Belgian Candi Sugar 5L Syrup,Ingredients,[Malts and Adjuncts? Sugars],Recipe Builder,,FALSE,TRUE,,Brewcraft,4.06,6.99,5
Belgian Candi Sugar D-45 Syrup,Ingredients,[Malts and Adjuncts? Sugars],Recipe Builder,,FALSE,TRUE,,Brewcraft,4.06,6.99,5
Belgian Candi Sugar D-90 Syrup,Ingredients,[Malts and Adjuncts? Sugars],Recipe Builder,,FALSE,TRUE,,Brewcraft,4.06,6.99,5
Belgian Candi Sugar D-180 Syrup,Ingredients,[Malts and Adjuncts? Sugars],Recipe Builder,,FALSE,TRUE,,Brewcraft,4.06,6.99,5
"Ahtanum, 1 oz.",Ingredients,[Hops? 1 Oz Pellets],Recipe Builder,,FALSE,TRUE,,Brewcraft,0.66,2.19,
"Amarillo, 1 oz.",Ingredients,[Hops? 1 Oz Pellets],Recipe Builder,,FALSE,TRUE,,Brewcraft,1.15,2.69,
"Azacca, 1 oz.",Ingredients,[Hops? 1 Oz Pellets],Recipe Builder,,FALSE,TRUE,,BSG,1.55,2.99,
"Brewers Gold, 1 oz.",Ingredients,[Hops? 1 Oz Pellets],"Recipe Builder, Hidden",,FALSE,TRUE,,Brewcraft,,,
"Bravo, 1 oz.",Ingredients,[Hops? 1 Oz Pellets],Recipe Builder,,FALSE,TRUE,,Brewcraft,0.45,1.99,
"Cascade, 1 oz.",Ingredients,[Hops? 1 Oz Pellets],"Recipe Builder, Brewing Basics",,FALSE,TRUE,,Brewcraft,0.39,1.99,
"Centennial, 1 oz.",Ingredients,[Hops? 1 Oz Pellets],"Recipe Builder, Brewing Basics",,FALSE,TRUE,,Brewcraft,0.5,1.99,
"Chinook, 1 oz.",Ingredients,[Hops? 1 Oz Pellets],Recipe Builder,,FALSE,TRUE,,Brewcraft,0.48,1.99,
"Citra, 1 oz.",Ingredients,[Hops? 1 Oz Pellets],"Recipe Builder, Brewing Basics",,FALSE,TRUE,,Brewcraft,1.22,2.89,
"Cluster, 1 oz.",Ingredients,[Hops? 1 Oz Pellets],Recipe Builder,,FALSE,TRUE,,Brewcraft,0.5,1.99,
"Comet, 1 oz.",Ingredients,[Hops? 1 Oz Pellets],Recipe Builder,,FALSE,TRUE,,Brewcraft,0.5,1.99,
"Crystal, 1 oz.",Ingredients,[Hops? 1 Oz Pellets],Recipe Builder,,FALSE,TRUE,,Brewcraft,0.41,1.99,
"CTZ (Columbus), 1 oz.",Ingredients,[Hops? 1 Oz Pellets],"Recipe Builder, Brewing Basics",,FALSE,TRUE,,Brewcraft,0.33,1.99,
"East Kent Golding, 1 oz.",Ingredients,[Hops? 1 Oz Pellets],"Recipe Builder, Brewing Basics",,FALSE,TRUE,,Brewcraft,1.01,2.49,
"Ekuanot, 1 oz.",Ingredients,[Hops? 1 Oz Pellets],Recipe Builder,,FALSE,TRUE,,Brewcraft,0.66,2.49,
"El Dorado, 1 oz.",Ingredients,[Hops? 1 Oz Pellets],Recipe Builder,,FALSE,TRUE,,BSG,1.35,2.99,
"Falconer’s Flight, 1 oz.",Ingredients,[Hops? 1 Oz Pellets],Recipe Builder,,FALSE,TRUE,,Brewcraft,0.53,1.99,
"Fuggle, 1 oz.",Ingredients,[Hops? 1 Oz Pellets],Recipe Builder,,FALSE,TRUE,,Brewcraft,0.81,2.19,
"Galaxy, 1 oz.",Ingredients,[Hops? 1 Oz Pellets],"Recipe Builder, Hidden",,FALSE,TRUE,,BSG,1.55,3.49,
"Galena, 1 oz.",Ingredients,[Hops? 1 Oz Pellets],Recipe Builder,,FALSE,TRUE,,Brewcraft,0.38,1.99,
"Glacier, 1 oz.",Ingredients,[Hops? 1 Oz Pellets],Recipe Builder,,FALSE,TRUE,,Brewcraft,0.33,2.19,
"Green Bullet, 1 oz.",Ingredients,[Hops? 1 Oz Pellets],Recipe Builder,,FALSE,TRUE,,BSG,1.35,2.69,
"Hallertau Blanc, 1 oz.",Ingredients,[Hops? 1 Oz Pellets],Recipe Builder,,FALSE,TRUE,,LD Carlson,1.65,2.99,
"Hallertau Mittelfruh, 1 oz.",Ingredients,[Hops? 1 Oz Pellets],Recipe Builder,,FALSE,TRUE,,Brewcraft,0.86,2.19,
"Hersbrucker, 1 oz.",Ingredients,[Hops? 1 Oz Pellets],Recipe Builder,,FALSE,TRUE,,LD Carlson,1.12,2.49,
"Horizon, 1 oz.",Ingredients,[Hops? 1 Oz Pellets],Recipe Builder,,FALSE,TRUE,,Brewcraft,0.58,2.19,
"Heull Melon, 1 oz.",Ingredients,[Hops? 1 Oz Pellets],Recipe Builder,,FALSE,TRUE,,LD Carlson,1.65,2.99,
"Liberty, 1 oz.",Ingredients,[Hops? 1 Oz Pellets],Recipe Builder,,FALSE,TRUE,,Brewcraft,0.95,2.49,
"Loral, 1 oz.",Ingredients,[Hops? 1 Oz Pellets],Recipe Builder,,FALSE,TRUE,,Brewcraft,0.72,2.49,
"Magnum, 1 oz.",Ingredients,[Hops? 1 Oz Pellets],Recipe Builder,,FALSE,TRUE,,Brewcraft,0.81,2.19,
"Mandarina Bavaria, 1 oz.",Ingredients,[Hops? 1 Oz Pellets],Recipe Builder,,FALSE,TRUE,,LD Carlson,1.65,2.99,
"Mosaic, 1 oz.",Ingredients,[Hops? 1 Oz Pellets],Recipe Builder,,FALSE,TRUE,,Brewcraft,0.84,2.69,
"Motueka, 1 oz.",Ingredients,[Hops? 1 Oz Pellets],Recipe Builder,,FALSE,TRUE,,LD Carlson,1.65,3.19,
"Mt. Hood, 1 oz.",Ingredients,[Hops? 1 Oz Pellets],Recipe Builder,,FALSE,TRUE,,Brewcraft,0.80,2.19,
"Nelson Sauvin, 1 oz.",Ingredients,[Hops? 1 Oz Pellets],Recipe Builder,,FALSE,TRUE,,LD Carlson,1.85,3.29,
"Northern Brewer, 1 oz.",Ingredients,[Hops? 1 Oz Pellets],Recipe Builder,,FALSE,TRUE,,Brewcraft,0.44,1.99,
"Nugget, 1 oz.",Ingredients,[Hops? 1 Oz Pellets],Recipe Builder,,FALSE,TRUE,,Brewcraft,0.38,1.99,
"Palisade, 1 oz.",Ingredients,[Hops? 1 Oz Pellets],Recipe Builder,,FALSE,TRUE,,Brewcraft,0.33,1.99,
"Perle, 1 oz.",Ingredients,[Hops? 1 Oz Pellets],Recipe Builder,,FALSE,TRUE,,LD Carlson,1.12,2.49,
"Saaz, 1 oz.",Ingredients,[Hops? 1 Oz Pellets],"Recipe Builder, Brewing Basics",,FALSE,TRUE,,Brewcraft,1.06,2.49,
"Simcoe, 1 oz.",Ingredients,[Hops? 1 Oz Pellets],Recipe Builder,,FALSE,TRUE,,Brewcraft,0.54,2.19,
"Sorachi Ace, 1 oz.",Ingredients,[Hops? 1 Oz Pellets],Recipe Builder,,FALSE,TRUE,,Brewcraft,0.70,2.49,
"Sterling, 1 oz.",Ingredients,[Hops? 1 Oz Pellets],Recipe Builder,,FALSE,TRUE,,BSG,1.25,2.49,
"Strisselspalt, 1 oz.",Ingredients,[Hops? 1 Oz Pellets],Recipe Builder,,FALSE,TRUE,,Brewcraft,0.41,2.19,
"Styrian Golding, 1 oz.",Ingredients,[Hops? 1 Oz Pellets],Recipe Builder,,FALSE,TRUE,,LD Carlson,1.15,2.19,
"Tettnang, 1 oz.",Ingredients,[Hops? 1 Oz Pellets],Recipe Builder,,FALSE,TRUE,,Brewcraft,0.55,2.19,
"Warrior, 1 oz.",Ingredients,[Hops? 1 Oz Pellets],Recipe Builder,,FALSE,TRUE,,Brewcraft,0.44,1.99,
"Wilamette, 1 oz.",Ingredients,[Hops? 1 Oz Pellets],Recipe Builder,,FALSE,TRUE,,Brewcraft,0.84,1.99,
"Amarillo, 1 oz., Whole Leaf",Ingredients,[Hops? 1 Oz Whole Leaf],Recipe Builder,,FALSE,TRUE,,Brewcraft,1.07,2.99,
"Cascade, 1 oz., Whole Leaf",Ingredients,[Hops? 1 Oz Whole Leaf],Recipe Builder,,FALSE,TRUE,,Brewcraft,0.39,2.49,
"Centennial, 1 oz., Whole Leaf",Ingredients,[Hops? 1 Oz Whole Leaf],Recipe Builder,,FALSE,TRUE,,Brewcraft,0.56,2.49,
"Citra, 1 oz., Whole Leaf",Ingredients,[Hops? 1 Oz Whole Leaf],Recipe Builder,,FALSE,TRUE,,Brewcraft,0.83,2.89,
"Mosaic, 1 oz., Whole Leaf",Ingredients,[Hops? 1 Oz Whole Leaf],Recipe Builder,,FALSE,TRUE,,Brewcraft,0.78,2.69,
"Simcoe, 1 oz., Whole Leaf",Ingredients,[Hops? 1 Oz Whole Leaf],Recipe Builder,,FALSE,TRUE,,Brewcraft,0.63,2.69,
"Cascade, Cryo LupuLN2, 1 oz.",Ingredients,[Hops? Cryo LupuLN2 Hops],Recipe Builder,,FALSE,TRUE,,Brewcraft,1.81,3.99,
"Citra, Cryo LupuLN2, 1 oz.",Ingredients,[Hops? Cryo LupuLN2 Hops],Recipe Builder,,FALSE,TRUE,,Brewcraft,2.19,4.49,
"Ekuanot, Cryo LupuLN2, 1 oz.",Ingredients,[Hops? Cryo LupuLN2 Hops],Recipe Builder,,FALSE,TRUE,,Brewcraft,1.97,4.49,
"Loral, Cryo LupuLN2, 1 oz.",Ingredients,[Hops? Cryo LupuLN2 Hops],Recipe Builder,,FALSE,TRUE,,Brewcraft,2.08,4.49,
"Mosaic, Cryo LupuLN2, 1 oz.",Ingredients,[Hops? Cryo LupuLN2 Hops],Recipe Builder,,FALSE,TRUE,,Brewcraft,2.07,4.49,
"Simcoe, Cryo LupuLN2, 1 oz.",Ingredients,[Hops? Cryo LupuLN2 Hops],Recipe Builder,,FALSE,TRUE,,Brewcraft,1.99,3.99,
WLP001 - California Ale Yeast,Ingredients,"Yeast, Liquid Yeast, Ale Yeast","Recipe Builder, Brewing Basics",,FALSE,TRUE,White Labs,White Labs,4.49,7.99,
WLP002 - English Ale Yeast,Ingredients,"Yeast, Liquid Yeast, Ale Yeast",Recipe Builder,,FALSE,TRUE,White Labs,White Labs,4.49,7.99,
WLP004 - Irish Ale Yeast,Ingredients,"Yeast, Liquid Yeast, Ale Yeast",Recipe Builder,,FALSE,TRUE,White Labs,White Labs,4.49,7.99,
WLP005 - British Ale Yeast,Ingredients,"Yeast, Liquid Yeast, Ale Yeast",Recipe Builder,,FALSE,TRUE,White Labs,White Labs,4.49,8.49,
WLP007 - Dry English Ale Yeast,Ingredients,"Yeast, Liquid Yeast, Ale Yeast",Recipe Builder,,FALSE,TRUE,White Labs,White Labs,4.49,8.49,
WLP008 - East Coast Ale Yeast,Ingredients,"Yeast, Liquid Yeast, Ale Yeast","Recipe Builder, Hidden, Special Order Only",,FALSE,TRUE,White Labs,White Labs,,,
WLP009 - Australian Ale Yeast,Ingredients,"Yeast, Liquid Yeast, Ale Yeast","Recipe Builder, Hidden, Special Order Only",,FALSE,TRUE,White Labs,White Labs,,,
WLP011 - European Ale Yeast,Ingredients,"Yeast, Liquid Yeast, Ale Yeast","Recipe Builder, Hidden, Special Order Only",,FALSE,TRUE,White Labs,White Labs,,,
WLP013 - London Ale Yeast,Ingredients,"Yeast, Liquid Yeast, Ale Yeast",Recipe Builder,,FALSE,TRUE,White Labs,White Labs,4.49,7.99,
WLP023 - Burton Ale Yeast,Ingredients,"Yeast, Liquid Yeast, Ale Yeast",Recipe Builder,,FALSE,TRUE,White Labs,White Labs,4.49,8.49,
WLP028 - Edinburgh Scottish Ale,Ingredients,"Yeast, Liquid Yeast, Ale Yeast",Recipe Builder,,FALSE,TRUE,White Labs,White Labs,4.49,8.49,
WLP029 - German Kolsch Ale,Ingredients,"Yeast, Liquid Yeast, Ale Yeast",Recipe Builder,,FALSE,TRUE,White Labs,White Labs,4.49,8.49,
WLP036 - Dusseldorf Alt Ale Yeast,Ingredients,"Yeast, Liquid Yeast, Ale Yeast","Recipe Builder, Hidden, Special Order Only",,FALSE,TRUE,White Labs,White Labs,,,
WLP041 - Pacific Ale Yeast,Ingredients,"Yeast, Liquid Yeast, Ale Yeast","Recipe Builder, Hidden, Special Order Only",,FALSE,TRUE,White Labs,White Labs,,,
WLP045 - Scotch Whisky,Ingredients,"Yeast, Liquid Yeast","Recipe Builder, Hidden, Special Order Only",,FALSE,TRUE,White Labs,White Labs,,,
WLP050 - Tennessee Whiskey Yeast,Ingredients,"Yeast, Liquid Yeast","Recipe Builder, Hidden, Special Order Only",,FALSE,TRUE,White Labs,White Labs,,,
WLP051 - California V Ale,Ingredients,"Yeast, Liquid Yeast, Ale Yeast","Recipe Builder, Hidden, Special Order Only",,FALSE,TRUE,White Labs,White Labs,,,
WLP060 - American Ale Blend,Ingredients,"Yeast, Liquid Yeast, Yeast Blend","Recipe Builder, Hidden, Special Order Only",,FALSE,TRUE,White Labs,White Labs,,,
WLP065 - American Whiskey Yeast,Ingredients,"Yeast, Liquid Yeast","Recipe Builder, Hidden, Special Order Only",,FALSE,TRUE,White Labs,White Labs,,,
WLP066 - London Fog Ale Yeast,Ingredients,"Yeast, Liquid Yeast, Ale Yeast",Recipe Builder,,FALSE,TRUE,White Labs,White Labs,4.49,8.49,
WLP067 - Coastal Haze Ale Yeast,Ingredients,"Yeast, Liquid Yeast, Ale Yeast",Recipe Builder,,FALSE,TRUE,White Labs,White Labs,4.49,8.49,
WLP070 - Kentucky Bourbon,Ingredients,"Yeast, Liquid Yeast","Recipe Builder, Hidden, Special Order Only",,FALSE,TRUE,White Labs,White Labs,,,
WLP073 - Artisanal Country Ale Yeast,Ingredients,"Yeast, Liquid Yeast, Ale Yeast",Recipe Builder,,FALSE,TRUE,White Labs,White Labs,4.49,8.99,
WLP080 - Cream Ale Blend,Ingredients,"Yeast, Liquid Yeast, Yeast Blend",Recipe Builder,,FALSE,TRUE,White Labs,White Labs,4.49,8.99,
WLP085 - English Ale Blend,Ingredients,"Yeast, Liquid Yeast, Yeast Blend","Recipe Builder, Hidden, Special Order Only",,FALSE,TRUE,White Labs,White Labs,,,
WLP090 - San Diego Super Ale,Ingredients,"Yeast, Liquid Yeast, Ale Yeast",Recipe Builder,,FALSE,TRUE,White Labs,White Labs,4.49,7.99,
WLP095 - Burlington Ale Yeast,Ingredients,"Yeast, Liquid Yeast, Ale Yeast","Recipe Builder, Hidden, Special Order Only",,FALSE,TRUE,White Labs,White Labs,,,
WLP099 - Super High Gravity,Ingredients,"Yeast, Liquid Yeast, Ale Yeast","Recipe Builder, Hidden, Special Order Only",,FALSE,TRUE,White Labs,White Labs,,,
WLP300 - Hefeweizen Ale Yeast,Ingredients,"Yeast, Liquid Yeast, Ale Yeast",Recipe Builder,,FALSE,TRUE,White Labs,White Labs,4.49,7.99,
WLP320 - American Hefeweizen Ale,Ingredients,"Yeast, Liquid Yeast, Ale Yeast",Recipe Builder,,FALSE,TRUE,White Labs,White Labs,4.49,7.99,
WLP351 - Bavarian Weizen Ale Yeast,Ingredients,"Yeast, Liquid Yeast, Ale Yeast",Recipe Builder,,FALSE,TRUE,White Labs,White Labs,4.49,7.99,
WLP380 - Hefeweizen IV Ale,Ingredients,"Yeast, Liquid Yeast, Ale Yeast","Recipe Builder, Hidden, Special Order Only",,FALSE,TRUE,White Labs,White Labs,,,
WLP400 - Belgian Wit Ale Yeast,Ingredients,"Yeast, Liquid Yeast, Ale Yeast",Recipe Builder,,FALSE,TRUE,White Labs,White Labs,4.49,8.49,
WLP410 - Belgian Wit II Ale Yeast,Ingredients,"Yeast, Liquid Yeast, Ale Yeast","Recipe Builder, Hidden, Special Order Only",,FALSE,TRUE,White Labs,White Labs,,,
WLP500 - Monastery Ale Yeast,Ingredients,"Yeast, Liquid Yeast, Ale Yeast",Recipe Builder,,FALSE,TRUE,White Labs,White Labs,4.49,7.99,
WLP510 - Bastogne Belgian Ale Yeast,Ingredients,"Yeast, Liquid Yeast, Ale Yeast",Recipe Builder,,FALSE,TRUE,White Labs,White Labs,4.49,8.99,
WLP530 - Abbey Ale Yeast,Ingredients,"Yeast, Liquid Yeast, Ale Yeast",Recipe Builder,,FALSE,TRUE,White Labs,White Labs,4.49,7.99,
WLP540 - Abbey IV Ale Yeast,Ingredients,"Yeast, Liquid Yeast, Ale Yeast","Recipe Builder, Hidden, Special Order Only",,FALSE,TRUE,White Labs,White Labs,,,
WLP545 - Belgian Strong Ale Yeast,Ingredients,"Yeast, Liquid Yeast, Ale Yeast",Recipe Builder,,FALSE,TRUE,White Labs,White Labs,4.49,7.99,
WLP550 - Belgian Ale,Ingredients,"Yeast, Liquid Yeast, Ale Yeast",Recipe Builder,,FALSE,TRUE,White Labs,White Labs,4.49,8.49,
WLP564 - Leewenhoek Saison Blend,Ingredients,"Yeast, Liquid Yeast, Ale Yeast",Recipe Builder,,FALSE,TRUE,White Labs,White Labs,4.49,9.99,
WLP565 - Belgian Saison I Ale,Ingredients,"Yeast, Liquid Yeast, Ale Yeast",Recipe Builder,,FALSE,TRUE,White Labs,White Labs,4.49,7.99,
WLP566 - Belgian Saison II Ale,Ingredients,"Yeast, Liquid Yeast, Ale Yeast",Recipe Builder,,FALSE,TRUE,White Labs,White Labs,4.49,8.99,
WLP568 - Belgian-Style Saison Ale Blend,Ingredients,"Yeast, Liquid Yeast, Yeast Blend",Recipe Builder,,FALSE,TRUE,White Labs,White Labs,4.49,8.99,
WLP570 - Belgian Golden Ale Yeast,Ingredients,"Yeast, Liquid Yeast, Ale Yeast",Recipe Builder,,FALSE,TRUE,White Labs,White Labs,4.49,8.49,
WLP575 - Belgian-Style Ale Blend,Ingredients,"Yeast, Liquid Yeast, Yeast Blend","Recipe Builder, Hidden, Special Order Only",,FALSE,TRUE,White Labs,White Labs,,,
WLP590 - French Saison Ale Yeast,Ingredients,"Yeast, Liquid Yeast, Ale Yeast",Recipe Builder,,FALSE,TRUE,White Labs,White Labs,4.49,7.99,
WLP600 - Kombucha SCOBY,Ingredients,"Yeast, Liquid Yeast, Brett and Bacteria",Recipe Builder,,FALSE,TRUE,White Labs,White Labs,21.42,24.99,
WLP630 - Berliner Weisse Blend,Ingredients,"Yeast, Liquid Yeast, Yeast Blend","Recipe Builder, Hidden, Special Order Only",,FALSE,TRUE,White Labs,White Labs,,,
WLP644 - Saccharomyces 'Bruxellensis' Trois,Ingredients,"Yeast, Liquid Yeast, Brett and Bacteria",Recipe Builder,,FALSE,TRUE,White Labs,White Labs,4.49,8.99,
WLP645 - Brettanomyces Claussenii,Ingredients,"Yeast, Liquid Yeast, Brett and Bacteria",Recipe Builder,,FALSE,TRUE,White Labs,White Labs,4.49,8.99,
WLP648 - Brettanomyces bruxellensis Troi Vrai,Ingredients,"Yeast, Liquid Yeast, Brett and Bacteria","Recipe Builder, Hidden, Special Order Only",,FALSE,TRUE,White Labs,White Labs,,,
WLP650 - Brettanomyces Bruxellensis,Ingredients,"Yeast, Liquid Yeast, Brett and Bacteria",Recipe Builder,,FALSE,TRUE,White Labs,White Labs,4.49,8.99,
WLP653 - Brettanomyces Lambicus,Ingredients,"Yeast, Liquid Yeast, Brett and Bacteria","Recipe Builder, Hidden, Special Order Only",,FALSE,TRUE,White Labs,White Labs,,,
WLP655 - Belgian Sour 1 Mix,Ingredients,"Yeast, Liquid Yeast, Brett and Bacteria","Recipe Builder, Hidden, Special Order Only",,FALSE,TRUE,White Labs,White Labs,,,
WLP661 - Pediococcus damnosus,Ingredients,"Yeast, Liquid Yeast, Brett and Bacteria",Recipe Builder,,FALSE,TRUE,White Labs,White Labs,4.49,9.99,
WLP665 - Flemish Ale Blend,Ingredients,"Yeast, Liquid Yeast, Yeast Blend","Recipe Builder, Hidden, Special Order Only",,FALSE,TRUE,White Labs,White Labs,,,
WLP670 - American Farmhouse Blend,Ingredients,"Yeast, Liquid Yeast, Yeast Blend",Recipe Builder,,FALSE,TRUE,White Labs,White Labs,4.49,8.99,
WLP672 - Lactobacillus Brevis,Ingredients,"Yeast, Liquid Yeast, Brett and Bacteria",Recipe Builder,,FALSE,TRUE,White Labs,White Labs,4.49,8.99,
WLP677 - Lactobacillus delbrueckii,Ingredients,"Yeast, Liquid Yeast, Brett and Bacteria",Recipe Builder,,FALSE,TRUE,White Labs,White Labs,4.49,8.99,
WLP705 - Sake Yeast,Ingredients,"Yeast, Liquid Yeast","Recipe Builder, Hidden, Special Order Only",,FALSE,TRUE,White Labs,White Labs,,,
WLP715 - Champagne Yeast,Ingredients,"Yeast, Liquid Yeast, Wine Yeast","Recipe Builder, Hidden, Special Order Only",,FALSE,TRUE,White Labs,White Labs,,,
WLP720 - Sweet Mead/Wine Yeast,Ingredients,"Yeast, Liquid Yeast, Wine Yeast","Recipe Builder, Hidden, Special Order Only",,FALSE,TRUE,White Labs,White Labs,,,
WLP735 - French White Wine Yeast,Ingredients,"Yeast, Liquid Yeast, Wine Yeast","Recipe Builder, Hidden, Special Order Only",,FALSE,TRUE,White Labs,White Labs,,,
WLP740 - Merlot Red Wine Yeast,Ingredients,"Yeast, Liquid Yeast, Wine Yeast","Recipe Builder, Hidden, Special Order Only",,FALSE,TRUE,White Labs,White Labs,,,
WLP775 - English Cider Yeast,Ingredients,"Yeast, Liquid Yeast, Cider Yeast","Recipe Builder, Hidden, Special Order Only",,FALSE,TRUE,White Labs,White Labs,,,
WLP800 - Pilsner Lager Yeast,Ingredients,"Yeast, Liquid Yeast, Lager Yeast",Recipe Builder,,FALSE,TRUE,White Labs,White Labs,4.49,7.99,
WLP802 - Czech Budejovice Lager Yeast,Ingredients,"Yeast, Liquid Yeast, Lager Yeast","Recipe Builder, Hidden, Special Order Only",,FALSE,TRUE,White Labs,White Labs,,,
WLP810 - San Francisco Lager Yeast,Ingredients,"Yeast, Liquid Yeast, Lager Yeast",Recipe Builder,,FALSE,TRUE,White Labs,White Labs,4.49,8.49,
WLP820 - Oktoberfest/Marzen Lager,Ingredients,"Yeast, Liquid Yeast, Lager Yeast",Recipe Builder,,FALSE,TRUE,White Labs,White Labs,4.49,8.49,
WLP830 - German Lager Yeast,Ingredients,"Yeast, Liquid Yeast, Lager Yeast",Recipe Builder,,FALSE,TRUE,White Labs,White Labs,4.49,8.49,
WLP833 - German Bock Lager Yeast,Ingredients,"Yeast, Liquid Yeast, Lager Yeast",Recipe Builder,,FALSE,TRUE,White Labs,White Labs,4.49,8.49,
WLP838 - Southern German Lager Yeast,Ingredients,"Yeast, Liquid Yeast, Lager Yeast","Recipe Builder, Hidden, Special Order Only",,FALSE,TRUE,White Labs,White Labs,,,
WLP840 - American Lager Yeast,Ingredients,"Yeast, Liquid Yeast, Lager Yeast","Recipe Builder, Hidden, Special Order Only",,FALSE,TRUE,White Labs,White Labs,,,
WLP850 - Copenhagen Lager,Ingredients,"Yeast, Liquid Yeast, Lager Yeast","Recipe Builder, Hidden, Special Order Only",,FALSE,TRUE,White Labs,White Labs,,,
WLP862 - Cry Havoc Lager,Ingredients,"Yeast, Liquid Yeast, Lager Yeast","Recipe Builder, Hidden, Special Order Only",,FALSE,TRUE,White Labs,White Labs,,,
WLP885 - Zurich Lager Yeast,Ingredients,"Yeast, Liquid Yeast, Lager Yeast","Recipe Builder, Hidden, Special Order Only",,FALSE,TRUE,White Labs,White Labs,,,
WLP940 - Mexican Lager Yeast,Ingredients,"Yeast, Liquid Yeast, Lager Yeast",Recipe Builder,,FALSE,TRUE,White Labs,White Labs,4.49,8.49,
Danstar CBC-1 Cask and Bottle Conditioned Beer Yeast,Ingredients,"Yeast, Dry Yeast, Ale Yeast",Recipe Builder,,FALSE,TRUE,Lallemand,Brewcraft,2.68,5.99,
Danstar Belle Saison Yeast,Ingredients,"Yeast, Dry Yeast, Ale Yeast",Recipe Builder,,FALSE,TRUE,Lallemand,BSG,2.77,5.99,
Danstar Nottingham Ale Yeast,Ingredients,"Yeast, Dry Yeast, Ale Yeast",Recipe Builder,,FALSE,TRUE,Lallemand,BSG,2.29,4.99,
Danstar Munich Yeast,Ingredients,"Yeast, Dry Yeast, Ale Yeast",Recipe Builder,,FALSE,TRUE,Lallemand,BSG,2.77,5.99,
Danstar Windsor Ale Yeast,Ingredients,"Yeast, Dry Yeast, Ale Yeast",Recipe Builder,,FALSE,TRUE,Lallemand,BSG,2.29,4.99,
Danstar Munich Classic Yeast,Ingredients,"Yeast, Dry Yeast, Ale Yeast","Recipe Builder, Brewing Basics",,FALSE,TRUE,Lallemand,BSG,2.77,4.99,
Safale S-04,Ingredients,"Yeast, Dry Yeast, Ale Yeast","Recipe Builder, Brewing Basics",,FALSE,TRUE,Fermentis,BSG,1.81,3.99,
Safale US-05,Ingredients,"Yeast, Dry Yeast, Ale Yeast",Recipe Builder,,FALSE,TRUE,Fermentis,BSG,1.91,3.99,
Safale K-97,Ingredients,"Yeast, Dry Yeast, Ale Yeast",Recipe Builder,,FALSE,TRUE,Fermentis,BSG,2.01,3.99,
SafAle BE-256,Ingredients,"Yeast, Dry Yeast, Ale Yeast",Recipe Builder,,FALSE,TRUE,Fermentis,BSG,3.25,6.99,
SafAle WB-06,Ingredients,"Yeast, Dry Yeast, Lager Yeast",Recipe Builder,,FALSE,TRUE,Fermentis,BSG,2.35,4.99,
Saflager S-23,Ingredients,"Yeast, Dry Yeast, Lager Yeast",Recipe Builder,,FALSE,TRUE,Fermentis,BSG,2.83,4.99,
Saflager W-34/70,Ingredients,"Yeast, Dry Yeast, Wine Yeast",Recipe Builder,,FALSE,TRUE,Fermentis,BSG,3.45,6.99,
Red Star Premier Blanc Yeast,Ingredients,"Yeast, Dry Yeast, Wine Yeast",Recipe Builder,,FALSE,TRUE,Red Star,Brewcraft,0.31,0.99,
Red Star Dry Premier Rouge,Ingredients,"Yeast, Dry Yeast, Wine Yeast",Recipe Builder,,FALSE,TRUE,Red Star,Brewcraft,0.45,0.99,
Red Star Premier Classique Yeast,Ingredients,"Yeast, Dry Yeast, Wine Yeast",Recipe Builder,,FALSE,TRUE,Red Star,Brewcraft,0.30,0.99,
Red Star Premier Cote Des Blancs Yeast,Ingredients,"Yeast, Dry Yeast, Wine Yeast",Recipe Builder,,FALSE,TRUE,Red Star,Brewcraft,0.29,0.99,
Red Star Dry Premier Cuvee Yeast,Ingredients,"Yeast, Dry Yeast, Wine Yeast",Recipe Builder,,FALSE,TRUE,Red Star,Brewcraft,0.31,0.99,
OYL-004 - West Coast Ale 1,Ingredients,"Yeast, Liquid Yeast, Ale Yeast","Recipe Builder, Hidden, Special Order Only",,FALSE,TRUE,Omega,Omega,4.50,7.99,
OYL-005 - Irish Ale,Ingredients,"Yeast, Liquid Yeast, Ale Yeast","Recipe Builder, Hidden, Special Order Only",,FALSE,TRUE,Omega,Omega,4.50,7.99,
OYL-006 - British Ale 1,Ingredients,"Yeast, Liquid Yeast, Ale Yeast","Recipe Builder, Hidden, Special Order Only",,FALSE,TRUE,Omega,Omega,4.50,7.99,
OYL-011 - British Ale 5,Ingredients,"Yeast, Liquid Yeast, Ale Yeast","Recipe Builder, Hidden, Special Order Only",,FALSE,TRUE,Omega,Omega,4.50,7.99,
OYL-016 - British Ale 7,Ingredients,"Yeast, Liquid Yeast, Ale Yeast","Recipe Builder, Hidden, Special Order Only",,FALSE,TRUE,Omega,Omega,4.50,8.99,
OYL-021 - Hefeweizen Ale 1,Ingredients,"Yeast, Liquid Yeast, Ale Yeast","Recipe Builder, Hidden, Special Order Only",,FALSE,TRUE,Omega,Omega,4.50,7.99,
OYL-024 - Belgian Ale A,Ingredients,"Yeast, Liquid Yeast, Ale Yeast","Recipe Builder, Hidden, Special Order Only",,FALSE,TRUE,Omega,Omega,4.50,7.99,
OYL-028 - Belgian Ale W,Ingredients,"Yeast, Liquid Yeast, Ale Yeast","Recipe Builder, Hidden, Special Order Only",,FALSE,TRUE,Omega,Omega,4.50,8.99,
OYL-033 - Jovaru Lithuanian Farmhouse,Ingredients,"Yeast, Liquid Yeast, Ale Yeast",Recipe Builder,,FALSE,TRUE,Omega,Omega,4.50,8.99,
OYL-042 - Belgian Saison 2,Ingredients,"Yeast, Liquid Yeast, Ale Yeast","Recipe Builder, Hidden, Special Order Only",,FALSE,TRUE,Omega,Omega,4.50,8.99,
OYL-044 - Kolsch 2,Ingredients,"Yeast, Liquid Yeast, Ale Yeast","Recipe Builder, Hidden, Special Order Only",,FALSE,TRUE,Omega,Omega,4.50,8.49,
OYL-052 - DIPA Ale,Ingredients,"Yeast, Liquid Yeast, Ale Yeast",Recipe Builder,,FALSE,TRUE,Omega,Omega,4.50,7.99,
OYL-057 - Hothead Ale,Ingredients,"Yeast, Liquid Yeast, Ale Yeast",Recipe Builder,,FALSE,TRUE,Omega,Omega,4.50,7.99,
OYL-061 - Voss Kveik,Ingredients,"Yeast, Liquid Yeast, Ale Yeast",Recipe Builder,,FALSE,TRUE,Omega,Omega,4.50,8.99,
OYL-091 - Hornindal Kveik,Ingredients,"Yeast, Liquid Yeast, Ale Yeast",Recipe Builder,,FALSE,TRUE,Omega,Omega,4.50,8.99,
OYL-114 - Bayern Lager,Ingredients,"Yeast, Liquid Yeast, Lager Yeast","Recipe Builder, Hidden, Special Order Only",,FALSE,TRUE,Omega,Omega,4.50,7.99,
OYL-200 - Tropical IPA,Ingredients,"Yeast, Liquid Yeast, Ale Yeast",Recipe Builder,,FALSE,TRUE,Omega,Omega,4.50,8.49,
OYL-217 - C2C American Farmhouse,Ingredients,"Yeast, Liquid Yeast, Brett and Bacteria","Recipe Builder, Hidden, Special Order Only",,FALSE,TRUE,Omega,Omega,4.50,8.99,
OYL-210 - Brett Blend #1 Where Da Funk?,Ingredients,"Yeast, Liquid Yeast, Brett and Bacteria",Recipe Builder,,FALSE,TRUE,Omega,Omega,4.50,8.99,
OYL-211 - Brett Blend #2 Bit O’Funk,Ingredients,"Yeast, Liquid Yeast, Brett and Bacteria",Recipe Builder,,FALSE,TRUE,Omega,Omega,4.50,8.99,
OYL-212 - Brett Blend #3 Bring On Da Funk,Ingredients,"Yeast, Liquid Yeast, Brett and Bacteria",Recipe Builder,,FALSE,TRUE,Omega,Omega,4.50,8.99,
OYL-218 - All The Bretts,Ingredients,"Yeast, Liquid Yeast, Brett and Bacteria",Recipe Builder,,FALSE,TRUE,Omega,Omega,4.50,8.99,
OYL-500 - Saisonstein’s Monster,Ingredients,"Yeast, Liquid Yeast, Ale Yeast",Recipe Builder,,FALSE,TRUE,Omega,Omega,4.50,7.99,
OYL-605 - Lactobacillus Blend,Ingredients,"Yeast, Liquid Yeast, Brett and Bacteria","Recipe Builder, Hidden, Special Order Only",,FALSE,TRUE,Omega,Omega,4.50,8.99,
"Acid Blend, 2 oz",Ingredients,[Water and Process Additives? Salts and Acids],,,FALSE,FALSE,,LD Carlson,0.85,1.99,
"Asorbic Acid, 1 oz",Ingredients,[Water and Process Additives? Salts and Acids],,,FALSE,FALSE,,LD Carlson,1.4,2.99,5
"Calcium Carbonate, 2 oz",Ingredients,[Water and Process Additives? Salts and Acids],,,FALSE,FALSE,,LD Carlson,1.09,1.99,5
"Calcium Chloride, 2 oz",Ingredients,[Water and Process Additives? Salts and Acids],,,FALSE,FALSE,,LD Carlson,0.89,1.99,6
"Calcium Sulphate (Gypsum), 2 oz",Ingredients,[Water and Process Additives? Salts and Acids],,,FALSE,FALSE,,LD Carlson,0.65,1.49,6
"Campden Tablets, 2 oz",Ingredients,[Water and Process Additives? Salts and Acids],,,FALSE,FALSE,,BSG,2.16,4.99,6
"Citric Acid, 2 oz",Ingredients,[Water and Process Additives? Salts and Acids],,,FALSE,FALSE,,LD Carlson,0.75,1.49,6
"Potassium Sorbate, 1 oz",Ingredients,[Water and Process Additives? Salts and Acids],,,FALSE,FALSE,,LD Carlson,0.79,1.49,10
"Tartaric Acid, 2 oz",Ingredients,[Water and Process Additives? Salts and Acids],,,FALSE,FALSE,,LD Carlson,1.19,2.49,5
"Malic Acid, 2 oz",Ingredients,[Water and Process Additives? Salts and Acids],,,FALSE,FALSE,,LD Carlson,0.75,1.49,6
"Potassium Bicarbonate, 2 oz",Ingredients,[Water and Process Additives? Salts and Acids],,,FALSE,FALSE,,LD Carlson,0.89,1.99,6
Magnesium Sulfate,Ingredients,[Water and Process Additives? Salts and Acids],Hidden,,FALSE,FALSE,,,,,
"Potassium Metabisulfite, 2 oz",Ingredients,[Water and Process Additives? Salts and Acids],,,FALSE,FALSE,,LD Carlson,0.99,1.99,6
Sodium Benzoate,Ingredients,[Water and Process Additives? Salts and Acids],Hidden,,FALSE,FALSE,,,,,
"Lactic Acid 88%, 5 oz",Ingredients,[Water and Process Additives? Salts and Acids],,,FALSE,FALSE,,LD Carlson,1.5,2.99,6
"Phosphoric Acid 10%, 8 oz",Ingredients,[Water and Process Additives? Salts and Acids],,,FALSE,FALSE,,LD Carlson,2.75,5.49,6
"Yeast Energizer, 1 oz",Ingredients,[Water and Process Additives? Nutrients],,,FALSE,FALSE,,LD Carlson,0.99,1.99,6
"Diammonium Phosphate, 2 oz",Ingredients,[Water and Process Additives? Nutrients],,,FALSE,FALSE,,LD Carlson,0.89,1.99,6
"Fermax, 4 oz",Ingredients,[Water and Process Additives? Nutrients],,,FALSE,FALSE,,BSG,1.58,2.99,11
Wyeast Beer Nutrient,Ingredients,[Water and Process Additives? Nutrients],Hidden,,FALSE,FALSE,,,,,
Wyeast Wine Nutrient,Ingredients,[Water and Process Additives? Nutrients],Hidden,,FALSE,FALSE,,,,,
"Amylex4T- Alpha Amylase, 4 oz",Ingredients,[Water and Process Additives? Enzymes],,,FALSE,FALSE,,Brewcraft,3.48,6.99,5
"Amylase Enzyme Formula, 1.5 oz",Ingredients,[Water and Process Additives? Enzymes],,,FALSE,FALSE,,BSG,0.95,1.99,6
"Irish moss, 1 oz",Ingredients,[Water and Process Additives? Fining Agents],,,FALSE,FALSE,,LD Carlson,0.89,1.99,10
"Bentonite, 4 oz",Ingredients,[Water and Process Additives? Fining Agents],,,FALSE,FALSE,,BSG,0.79,1.99,
Sparkolloid,Ingredients,[Water and Process Additives? Fining Agents],,,FALSE,FALSE,,Brewcraft,,,
"Gelatin, 1 oz",Ingredients,[Water and Process Additives? Fining Agents],,,FALSE,FALSE,,LD Carlson,0.79,1.49,6
"Whirlfloc Tablets, 10 each",Ingredients,[Water and Process Additives? Fining Agents],,,FALSE,FALSE,,LD Carlson,1.09,1.99,6
"FermCap, 15 g",Ingredients,[Water and Process Additives? Other],,,FALSE,FALSE,,BSG,1.3,2.99,6
"Glycerin, 4 oz",Ingredients,[Water and Process Additives? Other],,,FALSE,FALSE,,Brewcraft,1.36,2.99,
"Bitter Orange Peel, 1 oz",Ingredients,[Flavor Additives? Herbs and Spices],,,FALSE,TRUE,,Brewcraft,0.85,2.49,4
"Sweet Orange Peel, 1 oz",Ingredients,[Flavor Additives? Herbs and Spices],,,FALSE,TRUE,,Brewcraft,0.95,2.49,
"Coriander Seed, 1 oz",Ingredients,[Flavor Additives? Herbs and Spices],,,FALSE,TRUE,,Brewcraft,0.79,1.99,6
"Grain of Paradise, 2 g",Ingredients,[Flavor Additives? Herbs and Spices],,,FALSE,TRUE,,Brewcraft,0.75,1.99,6
"Elderflowers, 2 oz",Ingredients,[Flavor Additives? Herbs and Spices],,,FALSE,TRUE,,Brewcraft,2.49,4.99,4
"Juniper Berries, 1 oz",Ingredients,[Flavor Additives? Herbs and Spices],,,FALSE,TRUE,,Brewcraft,1.09,2.49,4
"Oak Chips, Untoasted, 4 oz",Ingredients,[Flavor Additives? Wood],,,FALSE,FALSE,,Brewcraft,1.75,3.49,4
"Oak Chips, American, Toasted, 4 oz",Ingredients,[Flavor Additives? Wood],,,FALSE,FALSE,,Brewcraft,1.75,3.49,4
"Oak Chips, French, Medium Toast, 4 oz",Ingredients,[Flavor Additives? Wood],,,FALSE,FALSE,,Brewcraft,1.95,3.99,4
PBW 1lb,Clean,[Cleaning Chemicals],,,FALSE,FALSE,Five Star Chemicals,Brewcraft,5.25,10.99,8
PBW 4 lbs,Clean,[Cleaning Chemicals],,,FALSE,FALSE,Five Star Chemicals,Brewcraft,16.75,34.99,6
PBW 8 lbs,Clean,[Cleaning Chemicals],,,FALSE,FALSE,Five Star Chemicals,Brewcraft,32,49.99,2
"PBW 1lb, Refill",Clean,[Cleaning Chemicals],,,FALSE,FALSE,Five Star Chemicals,Brewcraft,2.86,8.99,
"PBW 4 lbs, Refill",Clean,[Cleaning Chemicals],,,FALSE,FALSE,Five Star Chemicals,Brewcraft,11.44,30.99,
"PBW 8 lbs, Refill",Clean,[Cleaning Chemicals],,,FALSE,FALSE,Five Star Chemicals,Brewcraft,22.88,41.99,
BLC  4 oz,Clean,[Cleaning Chemicals],,,FALSE,FALSE,National Chemicals,Brewcraft,2.03,4.99,8
BLC 32 oz,Clean,[Cleaning Chemicals],,,FALSE,FALSE,National Chemicals,Brewcraft,7.5,15.99,4
Keg and Carboy tabs 30 count,Clean,[Cleaning Chemicals],,,FALSE,FALSE,National Chemicals,Brewcraft,6.35,13.99,4
Barkeepers Friend,Clean,[Cleaning Chemicals],Hidden,,,,,,,,
StarSan 4 oz,Clean,[Sanitizers],,,FALSE,FALSE,Five Star Chemicals,Brewcraft,3.35,6.99,7
StarSan 8 oz,Clean,[Sanitizers],,,FALSE,FALSE,Five Star Chemicals,Brewcraft,5.95,11.99,6
StarSan 16 oz,Clean,[Sanitizers],,,FALSE,FALSE,Five Star Chemicals,Brewcraft,8.75,17.99,4
StarSan 32 oz,Clean,[Sanitizers],,,FALSE,FALSE,Five Star Chemicals,Brewcraft,13.5,26.99,2
"StarSan 4 oz, Refill",Clean,[Sanitizers],,,FALSE,FALSE,Five Star Chemicals,Brewcraft,1.03,4.99,
"StarSan 8 oz, Refill",Clean,[Sanitizers],,,FALSE,FALSE,Five Star Chemicals,Brewcraft,2.06,8.99,
"StarSan 16 oz, Refill",Clean,[Sanitizers],,,FALSE,FALSE,Five Star Chemicals,Brewcraft,4.13,13.99,
"StarSan 32 oz, Refill",Clean,[Sanitizers],,,FALSE,FALSE,Five Star Chemicals,Brewcraft,8.25,22.99,
IO Star 4 oz,Clean,[Sanitizers],,,FALSE,FALSE,Five Star Chemicals,Brewcraft,1.62,3.99,7
IO Star 32 oz,Clean,[Sanitizers],,,FALSE,FALSE,Five Star Chemicals,Brewcraft,8.95,19.99,4
"IO Star 4 oz, Refill",Clean,[Sanitizers],,,FALSE,FALSE,Five Star Chemicals,Brewcraft,0.87,3.49,
"IO Star 32 oz, Refill",Clean,[Sanitizers],,,FALSE,FALSE,Five Star Chemicals,Brewcraft,6.96,18.99,
Beer Bottle Brush,Clean,[Brushes],,,FALSE,FALSE,,Brewcraft,1.09,2.99,
Carboy Brush,Clean,[Brushes],,,FALSE,FALSE,,Brewcraft,3.45,6.99,4
Faucet Brush,Clean,[Brushes],,,FALSE,FALSE,,Brewcraft,2.49,4.99,6
Carboy Dryer,Clean,[Misc],,,FALSE,FALSE,,BSG,4.56,9.99,4
Draft Cleaning Pump Bottle,Clean,[Misc],Hidden,,FALSE,FALSE,,,,,
Twin roller mill,Mill,[Mills],Hidden,,FALSE,FALSE,,BSG,,,
Hop Steeping Bag,Mash,[Muslin Bags],,,,,,LD Carlson,0.25,0.79,
Grain Steeping Bags,Mash,[Muslin Bags],,,,,,LD Carlson,0.37,0.89,
24x36 in Fine Nylon Drawstring Bag,Mash,[BIAB],,,,,,Brewcraft,,,
Sparging Bag for 6.5 Gallon Buckets,Mash,[BIAB],,,,,,BSG,6.95,13.99,4
7 1/2 in Strainer,Mash,[Strainers],,,,,,BSG,,,
10” Stainless Steel Strainer,Mash,[Strainers],,,,,,LD Carlson,7.95,14.99,2
18 in Plastic Spoon,Mash,[Spoons],,,,,,Brewcraft,1.73,3.49,12
24 in Plastic Paddle,Mash,[Spoons],,,,,,Brewcraft,,,
24 in Stainless Spoon,Mash,[Spoons],,,,,,Brewcraft,,,
20 qt stainless Pot,Boil,[Kettles],,,,,,LD Carlson,14.99,20.99,2
32 qt stainless Pot,Boil,[Kettles],,,,,,LD Carlson,24.95,49.99,2
32 qt stainless with thermometer and ball valve,Boil,[Kettles],,,,,,LD Carlson,35.95,69.99,
12” Domed False Bottom,Boil,[Kettle Hardware],,,,,,BSG,,,
"Bazooka / Torpedo Filter, 12” x 1/2” NPT",Boil,[Kettle Hardware],,,,,,LD Carlson,3.95,9.99,4
"Stainless Steel Locknut, 0.5”",Boil,[Kettle Hardware],,,,,,BSG,1.30,2.99,
Stainless Steel Washer,Boil,[Kettle Hardware],,,,,,BSG,0.51,1.49,
Silicone Flat Gasket,Boil,[Kettle Hardware],,,,,,BSG,1.04,1.99,
Silicone O-Ring,Boil,[Kettle Hardware],,,,,,BSG,0.32,1.49,
Weldless Kit,,,,,,,,BSG,2.51,4.99,
1/2 in Full Port Ball Valve with Female Weldless Bulkhead,Boil,[Kettle Hardware],,,,,,BSG,18.10,34.99,
1/2 in Full Port Ball Valve with Cooler Bulkhead (For Water Cooler Conversion),Boil,[Kettle Hardware],,,,,,BSG,18.75,34.99,
1/2 in NPT to 1/2 in Barb,Boil,[Kettle Hardware],,,,,,BSG,2.19,4.99,
1/2 in NPT to 3/8 in  Barb,Boil,[Kettle Hardware],,,,,,BSG,2.42,4.99,
Bayou Classic Outdoor Stove,Boil,[Kettle Hardware],Hidden,,,,,Brewcraft,,,
Bayou Classic Banjo KAB4,Boil,[Burners and Elements],Hidden,,,,,Brewcraft,,,
HotRod Heat Stick / Foxx Equipment 11 1/2 in Brew Heater,Boil,[Burners and Elements],Hidden,,,,,,,,
18 in  Plastic Spoon,Boil,[Spoons],,,,,,BSG,1.73,3.49,
25 ft  Copper Immersion Chiller,Boil,[Wort Chilers],,,,,,LD Carlson,46.95,94.99,2
50 ft  Copper Immersion Chiller,Boil,[Wort Chilers],,,,,,LD Carlson,79.95,149.99,1
3/8 in x 30 in Stainless racking cane,Transfer,[Racking Crane],,,,,,LD Carlson,7.25,14.99,4
True Brew 3/8” Auto-siphon,Transfer,[Autosiphons],,,,,,BSG,5.18,10.99,5
True Brew 1/2 in  Auto siphon,Transfer,[Autosiphons],,,,,,BSG,7.25,14.99,5
True Brew mini 3/8 in Auto siphon,Transfer,[Autosiphons],Hidden,,,,,BSG,,,
"5/16” Vinyl Tubing, 1 ft",Transfer,[Tubing],,,,,,LD Carlson,,,
"1/2” Vinyl Tubing, 1 ft",Transfer,[Tubing],,,,,,LD Carlson,0.19,0.49,
"1” Vinyl Tubing, 1 ft",Transfer,[Tubing],,,,,,LD Carlson,0.75,1.49,50
"1/2 in High Temp Silicone, 1 ft",Transfer,[Tubing],,,,,,LD Carlson,,,
Siphon Stem Holder,Transfer,[Accessories],,,,,,BSG,0.37,0.99,
Plastic Tubing Clamp,Transfer,[Accessories],,,,,,BSG,0.23,0.49,5
"Plastic Tubing Clamp, XL",Transfer,[Accessories],,,,,,BSG,0.88,1.99,5
6.5 Gallon Bucket,Ferment,[Buckets and Lids],,,,,,BSG,7.44,12.99,10
"6.5 Gallon Bucket, Ported",Ferment,[Buckets and Lids],,,,,,BSG,7.49,12.99,10
6.5 Gallon Bucket Lid,Ferment,[Buckets and Lids],,,,,,BSG,1.54,2.99,10
"6.5 Gallon Bucket Lid, Drilled and Grommeted",Ferment,[Buckets and Lids],,,,,,BSG,1.73,3.49,10
Bottling Spigot,,,,,,,,BSG,1.32,2.49,10
PET Carboys 3 Gallon,Ferment,[Plastic Carboys],,,,,,Brewcraft,,,
PET Carboys 5 Gallon,Ferment,[Plastic Carboys],,,,,,Brewcraft,,,
PET Carboys 6 Gallon,Ferment,[Plastic Carboys],,,,,,Brewcraft,,,
Glass Carboys 3 Gallon,Ferment,[Glass Carboys],,,,,,LD Carlson,16.99,33.99,2
Glass Carboys 5 Gallon,Ferment,[Glass Carboys],,,,,,LD Carlson,21.99,43.99,1
Glass Carboys 6 Gallon,Ferment,[Glass Carboys],,,,,,LD Carlson,25.50,49.99,2
Glass Carboys 6.5 Gallon,Ferment,[Glass Carboys],,,,,,LD Carlson,27.75,54.99,2
3 Piece Airlock,Ferment,[Stoppers and Airlocks],,,,,,BSG,0.37,0.99,
Buon Vino Intermediate? Solid,Ferment,[Stoppers and Airlocks],,,,,,Brewcraft,,,
Buon Vino Intermediate? Drilled,Ferment,[Stoppers and Airlocks],,,,,,Brewcraft,,,
Buon Vino Small? Solid,Ferment,[Stoppers and Airlocks],,,,,,Brewcraft,,,
Buon Vino Small? Drilled,Ferment,[Stoppers and Airlocks],,,,,,Brewcraft,,,
Rubber Stoppers #6 solid,Ferment,[Stoppers and Airlocks],,,,,,Brewcraft,,,
Rubber Stopper #6 1/2 solid,Ferment,[Stoppers and Airlocks],,,,,,Brewcraft,,,
Rubber Stopper #7 solid,Ferment,[Stoppers and Airlocks],,,,,,Brewcraft,,,
Rubber Stopper #10 solid,Ferment,[Stoppers and Airlocks],,,,,,Brewcraft,,,
Rubber Stopper #10 1/2 solid,Ferment,[Stoppers and Airlocks],,,,,,Brewcraft,,,
Rubber Stoppers #6 drilled,Ferment,[Stoppers and Airlocks],,,,,,Brewcraft,,,
Rubber Stopper #6 1/2 drilled,Ferment,[Stoppers and Airlocks],,,,,,Brewcraft,,,
Rubber Stopper #7 drilled,Ferment,[Stoppers and Airlocks],,,,,,Brewcraft,,,
Rubber Stopper #10 drilled,Ferment,[Stoppers and Airlocks],,,,,,Brewcraft,,,
Rubber Stopper #10 1/2 drilled,Ferment,[Stoppers and Airlocks],,,,,,Brewcraft,,,
Stir Starter Stir Plate,Ferment,[Yeast Culturing],Hidden,,,,,,,,
2000 ml Flask,Ferment,[Yeast Culturing],,,,,,Foxx,,,
Stirbars 25 mm/1 in,Ferment,[Yeast Culturing],,,,,,Foxx,,,
Foam Stopper,Ferment,[Yeast Culturing],Hidden,,,,,,,,
Pail Opening Tool,Ferment,[Accessories],,,,,,BSG,3.95,7.99,
grommets? small,Ferment,[Accessories],,,,,,BSG,0.21,0.49,
grommets? large,Ferment,[Accessories],,,,,,BSG,0.21,0.59,
Carboy Carrier Brewhauler,Ferment,[Accessories],,,,,,LD Carlson,7.75,15.99,
Carboy handle? 3-6 Gallon,Ferment,[Accessories],,,,,,BSG,3.79,7.99,
Carboy Handle? 6.5 Gallon,Ferment,[Accessories],,,,,,BSG,4.08,8.49,
Carboy Cap? 5-6 Gallon,Ferment,[Accessories],,,,,,Brewcraft,,,
Carboy Cap? 6.5 Gallon,Ferment,[Accessories],Hidden,,,,,,,,
Glass thermometer,Test,[Temperature],,,,,,Brewcraft,1.75,3.99,
Adhesive Thermometer,Test,[Temperature],,,,,,Brewcraft,1.28,2.49,
Dial Thermometer,Test,[Temperature],,,,,,Brewcraft,7.95,17.99,
Floating Thermometer,Test,[Temperature],,,,,,Brewcraft,3.69,7.49,
Triple Scale Hydometer,Test,[Gravity],,,,,,Brewcraft,2.75,5.49,
Precision Hydrometer (.980 - 1.020),Test,[Gravity],,,,,,Brewcraft,11,21.99,
Refractometer,Test,[Gravity],,,,,,Brewcraft,38,75.99,
10 in Plastic Test Jar,Test,[Gravity],,,,,,Brewcraft,2.75,5.99,
Wine pH Strips,Test,[ph],,,,,,Brewcraft,3.79,7.99,
Beer pH Strips,Test,[ph],,,,,,Brewcraft,3.65,7.99,
Glass Wine thief,Test,[Thieves],,,,,,Brewcraft,2.95,5.99,
Stainless Steel Sampler (baster),Test,[Thieves],,,,,,Brewcraft,4.39,7.49,
12 oz Brown Bottles,Bottle,[Beer Bottles],,,,,,LD Carlson,6.99,13.99,
22 oz Brown Bombers,Bottle,[Beer Bottles],,,,,,Brewcraft,,,12
16 oz Amber E-Z Cap,Bottle,[Beer Bottles],,,,,,Brewcraft,,,
32 oz Amber E-Z Cap,Bottle,[Beer Bottles],Hidden,,,,,Brewcraft,,,
Belgian 750 ml,Bottle,[Beer Bottles],Hidden,,,,,Brewcraft,,,
Amber 750ml Champagne Bottle? cap or cork,Bottle,[Beer Bottles],Hidden,,,,,Brewcraft,,,
750 ml Green Bordeaux,Bottle,[Wine Bottles],Hidden,,,,,Brewcraft,,,
750 ml Clear Bordeaux,Bottle,[Wine Bottles],Hidden,,,,,Brewcraft,,,
750 ml Green Burgundy,Bottle,[Wine Bottles],Hidden,,,,,Brewcraft,,,
"750 ml Clear Bordeaux, Screw-Top",Bottle,[Wine Bottles],Hidden,,,,,LD Carlson,9.99,19.99,1
1 Gallon Jug,Bottle,[Jugs and Growlers],,,,,,Brewcraft,,,
64 oz Growler,Bottle,[Jugs and Growlers],,,,,,Brewcraft,,,
Crown Caps - Red Oxygen Absorbing Crowns? Bulk — packed in 60 ct,Bottle,[Caps? Corks and Seals? Crown Caps],,,,,,BSG,1.91,3.99,
"Crown Caps, Oxygen Absorbing - Black 144c",Bottle,[Caps? Corks and Seals? Crown Caps],,,,,,BSG,1.91,3.99,
"Crown Caps, Oxygen Absorbing - Green 144ct",Bottle,[Caps? Corks and Seals? Crown Caps],,,,,,BSG,1.91,3.99,
"Crown Caps, Oxygen Absorbing - Orange 144ct",Bottle,[Caps? Corks and Seals? Crown Caps],,,,,,BSG,1.91,3.99,
"Crown Caps, Oxygen Absorbing - Red  144ct",Bottle,[Caps? Corks and Seals? Crown Caps],,,,,,BSG,1.91,3.99,
"Crown Caps, Oxygen Absorbing - White  144ct",Bottle,[Caps? Corks and Seals? Crown Caps],,,,,,BSG,1.91,3.99,
Beer Cork 44 × 25.5 mm (Belgian and Champagne Bottles),Bottle,[Caps? Corks and Seals? Corks],Hidden,,,,,Brewcraft,,,
#8 Agglomerated Corks,Bottle,[Caps? Corks and Seals? Corks],Hidden,,,,,Brewcraft,,,
#9 Agglomerated Corks,Bottle,[Caps? Corks and Seals? Corks],Hidden,,,,,Brewcraft,,,
#9 Natural Corks,Bottle,[Caps? Corks and Seals? Corks],Hidden,,,,,Brewcraft,,,
"38mm Metal Screw Caps, each",Bottle,[Caps? Corks and Seals? Screw Tops],,,,,,BSG,0.14,0.39,
"38mm Polyseal Cap, each",Bottle,[Caps? Corks and Seals? Screw Tops],,,,,,BSG,0.34,0.69,
"28mm Metal Screw Caps, each",Bottle,[Caps? Corks and Seals? Screw Tops],,,,,,LD Carlson,0.09,0.29,
"28mm Polyseal Caps (screw-top wine bottles), each",Bottle,[Caps? Corks and Seals? Screw Tops],,,,,,BSG,0.20,0.49,
Hooded Wires Cages for Belgian Beer Bottles,Bottle,[Caps? Corks and Seals? Bottle Decoration],Hidden,,,,,Brewcraft,,,
Belgian Wire Twister (BrewCraft),Bottle,[Caps? Corks and Seals? Bottle Decoration],Hidden,,,,,Brewcraft,,,
Wine Bottle Hoods - Black,Bottle,[Caps? Corks and Seals? Bottle Decoration],Hidden,,,,,BSG,,,
Wine Bottle Hoods - Red,Bottle,[Caps? Corks and Seals? Bottle Decoration],Hidden,,,,,BSG,,,
Wine Bottle Hoods - Burgundy,Bottle,[Caps? Corks and Seals? Bottle Decoration],Hidden,,,,,BSG,,,
Wine Bottle Hoods - Gold,Bottle,[Caps? Corks and Seals? Bottle Decoration],Hidden,,,,,BSG,,,
Gold Champagne Foil,Bottle,[Caps? Corks and Seals? Bottle Decoration],Hidden,,,,,BSG,,,
Wax - Red,Bottle,[Caps? Corks and Seals? Bottle Decoration],Hidden,,,,,Brewcraft,,,
Wax - Black,Bottle,[Caps? Corks and Seals? Bottle Decoration],Hidden,,,,,Brewcraft,,,
Wing Capper,Bottle,[Cappers and Corkers ],,,,,,Brewcraft,,,
Super Bench Capper,Bottle,[Cappers and Corkers ],Hidden,,,,,Brewcraft,,,
Double Lever Corker ,Bottle,[Cappers and Corkers ],Hidden,,,,,Brewcraft,,,
Floor Corker,Bottle,[Cappers and Corkers ],,,,,,BSG,35.75,69.99,1
FastRack Beer Bottle Racks,Bottle,[Racks],Hidden,,,,,Brewcraft,,,
FastRack Beer Bottle Trays ,Bottle,[Racks],Hidden,,,,,Brewcraft,,,
TrueBrew 3/8 in  Bottle Filler,Bottle,[Bottle Filters],,,,,,BSG,1.23,2.49,
TrueBrew 1/2 in Bottle Filler,Bottle,[Bottle Filters],,,,,,BSG,2.29,4.99,
"Gas Disconnect, 1/4 in Barb",Keg,[Kegs? Ball Lock Disconnects],,,,,,Brewcraft,3.75,5.99,
"Gas Disconnect, 1/4 in MFL",Keg,[Kegs? Ball Lock Disconnects],,,,,,Brewcraft,3.80,5.99,
Gas Disconnect w/Check Valve? 1/4 in MFL,Keg,[Kegs? Ball Lock Disconnects],Hidden,,,,,,,,
"Liquid Disconnect, 1/4 in Barb",Keg,[Kegs? Ball Lock Disconnects],,,,,,Brewcraft,3.75,5.99,
"Liquid Disconnect, 1/4 in MFL ",Keg,[Kegs? Ball Lock Disconnects],,,,,,Brewcraft,3.65,5.99,
Sanke to Ball Lock Adaptor? Gas,Keg,[Kegs? Ball Lock Disconnects],Hidden,,,,,,,,
Sanke to Ball Lock Adaptor? Liquid,Keg,[Kegs? Ball Lock Disconnects],Hidden,,,,,,,,
Swivel Nut? 1/4 in MFL x 1/4 in Barb,Keg,[Kegs? Ball Lock Disconnects],,,,,,Foxx,,,
Swivel Nut? 1/4 in MFL x 5/16 in Barb,Keg,[Kegs? Ball Lock Disconnects],,,,,,Foxx,,,
Swivel Nut? 1/4 in MFL x 3/8 in Barb,Keg,[Kegs? Ball Lock Disconnects],,,,,,,,,
Flare Washer? 1/4 in,Keg,[Kegs? Ball Lock Disconnects],,,,,,Foxx,,,
C02 Tanks - 5lb? New,Keg,[Gas],Hidden,,,,,,,,
C02 Tanks - 5lb? Gnome Brew Swap Tanks,Keg,[Gas],Hidden,,,,,,,,
"C02 Tanks - 16g cartridge, each",Keg,[Gas],,,,,,BSG,1.14,2.49,
Economy CO2 Regulator w/ 5/16 in Barb Shutoffs? 60# & 2000# Gauges ,Keg,[Gas? Regulators],,,,,,Brewcraft,29,49.99,1
Taprite CO2 Regulator w/ 5/16 in Barb Shutoffs? 60# & 2000# Gauges,Keg,[Gas? Regulators],,,,,,Brewcraft,41,69.99,1
Double Taprite CO2 Regulator w/ 5/16 in Barb Shutoffs? 2 x 60# & 2000# Gauges,Keg,[Gas? Regulators],Hidden,,,,,,,,
2-Way 5/16 in Chrome Plated Brass Air Distributor (Foxx),Keg,[Gas? Distributors],Hidden,,,,,Brewcraft,,,
3-Way 5/16 in Chrome Plated Brass Air Distributor (Foxx),Keg,[Gas? Distributors],Hidden,,,,,Brewcraft,,,
4-Way 5/16 in Chrome Plated Brass Air Distributor (Foxx),Keg,[Gas? Distributors],,,,,,Brewcraft,,,
CarbaCap,Keg,[Gas],,,,,,BSG,9.55,19.99,
Handheld Charger,Keg,[Gas],,,,,,BSG,12.25,24.99,
Picnic Tap,Keg,[Dispensing? Faucet and Handles],,,,,,Brewcraft,4.39,7.99,6
Chrome Plated Faucet,Keg,[Dispensing? Faucet and Handles],,,,,,Brewcraft,12.50,19.99,
Perlick 630SS,Keg,[Dispensing? Faucet and Handles],Hidden,,,,,,,,
Black Faucet Knob,Keg,[Dispensing? Faucet and Handles],,,,,,Brewcraft,1.5,2.99,6
Chrome Plated Faucet Knob,Keg,[Dispensing? Faucet and Handles],Hidden,,,,,,,,
Faucet Washer (Foxx SKU: 12B03-173),Keg,[Dispensing? Faucet and Handles],,,,,,Foxx,,,
Tower? 1 Faucet? Chrome,Keg,[Dispensing? Towers and Shanks],Hidden,,,,,,,,
Tower? 2 Faucet? Chrome,Keg,[Dispensing? Towers and Shanks],Hidden,,,,,,,,
4 in SS Shank,Keg,[Dispensing? Towers and Shanks],,,,,,Brewcraft,13.75,24.99,2
5 in SS Shank,Keg,[Dispensing? Towers and Shanks],,,,,,Brewcraft,15,29.99,2
3/16 in SS Barbed Tailpiece,Keg,[Dispensing? Towers and Shanks],,,,,,Brewcraft,0.75,2.99,
1/4 in SS Barbed Tailpiece,Keg,[Dispensing? Towers and Shanks],,,,,,Brewcraft,0.69,2.49,
1/4 in SS MFL Tailpiece (use with 1/4 MFL x 1/4 barb),Keg,[Dispensing? Towers and Shanks],,,,,,Foxx,,,
Beer Hex Nut,Keg,[Dispensing? Towers and Shanks],,,,,,Brewcraft,0.95,1.99,
Neoprene Beer Washer,Keg,[Dispensing? Towers and Shanks],,,,,,Foxx,,,
Faucet Adaptor? 1/4in FFL x Faucet,Keg,[Dispensing],Hidden,,,,,,,,
"3/16 in ID Clear tubing (beer line), 1 ft",Keg,[Dispensing? Beer and Gas Line],,,,,,Brewcraft,0.35,0.69,100
"5/16 in ID Red Tubing (gas line), 1 ft",Keg,[Dispensing? Beer and Gas Line],,,,,,Brewcraft,0.84,0.99,25
Butterfly Screw Clamp 3/4 in (Green),Keg,[Hardware & Misc? Clamps],,,,,,Brewcraft,0.66,1.49,
Butterfly Screw Clamp 5/8 in (Orange),Keg,[Hardware & Misc? Clamps],,,,,,Brewcraft,0.54,1.29,
Butterfly Screw Clamp 1/2 in (Blue),Keg,[Hardware & Misc? Clamps],,,,,,Brewcraft,0.47,0.99,
Worm-gear Clamp 5/8 in,Keg,[Hardware & Misc? Clamps],,,,,,Foxx,,,
Worm-gear Clamp 7/8 in,Keg,[Hardware & Misc? Clamps],,,,,,Foxx,,,
Oetiker Stepless Clamp 13.3mm (1/2 in),Keg,[Hardware & Misc? Clamps],,,,,,Foxx,,,
Oetiker Stepless Clamp 15.7mm (5/8 in),Keg,[Hardware & Misc? Clamps],,,,,,FOxx,,,
Liquid Post,Keg,[Hardware & Misc? Keg Parts],Hidden,,,,,Foxx,,,
Gas Post,Keg,[Hardware & Misc? Keg Parts],Hidden,,,,,Foxx,,,
"Manual relief valve, Poppit Assembly",Keg,[Hardware & Misc? Keg Parts],,,,,,Brewcraft,4.5,8.99,
Tank Closure O-Ring,Keg,[Hardware & Misc? Keg Parts],,,,,,Brewcraft,1.55,2.99,
Dip Tube O-Ring ,Keg,[Hardware & Misc? Keg Parts],,,,,,Brewcraft,0.48,0.99,
Ball Lock O-Ring Set,Keg,[Hardware & Misc? Keg Parts],,,,,,Foxx,,,
Liquid Dip Tube? 5 Gallon,Keg,[Hardware & Misc? Keg Parts],Hidden,,,,,,,,
Liquid Dip Tube? 3 Gallon,Keg,[Hardware & Misc? Keg Parts],Hidden,,,,,,,,
Gas Dip Tube (Fits 5 & 3 Gallon),Keg,[Hardware & Misc? Keg Parts],Hidden,,,,,,,,
Ball lock plug O-Ring? Red,Keg,[Hardware & Misc? Keg Parts],Hidden,,,,,,,,
Ball Lock plug O-Ring? Yiellow,Keg,[Hardware & Misc? Keg Parts],Hidden,,,,,,,,
Ball Lock plug O-Ring? Back,Keg,[Hardware & Misc? Keg Parts],Hidden,,,,,,,,
Offset CO2 Wrench,Keg,[Hardware & Misc? Tools],,,,,,Foxx,,,
Faucet wrench,Keg,[Hardware & Misc? Tools],,,,,,Foxx,,,
Clamp pincers,Keg,[Hardware & Misc? Tools],,,,,,Foxx,,,
Lubricant,Keg,[Hardware & Misc],,,,,,Foxx,,,
Teflon tape,Keg,[Hardware & Misc],,,,,,Foxx,,,
Nylon CO2 regulator washers,Keg,[Hardware & Misc],,,,,,Foxx,,,